effective_year,poor,population,effective_headcount
2020,783230483.470738,7792487000,0.100510977236245
2021,691777548.093824,7872426000,0.0878734900898177
2022,654372830.927763,7951402000,0.0822965347403845
2023,650968451.403242,8029385000,0.0810732641918705
